{
    "Model": {
        "0": "AIS-RandomForest"
    },
    "R2 Score": {
        "0": 0.9004999830220713
    },
    "RMSE": {
        "0": 10.826403835069147
    }
}