Model,R2 Score,RMSE
AIS-RandomForest,0.9004999830220713,10.826403835069147
