Model,R2 Score,RMSE
ALOA-RandomForest,0.9056731956234673,10.541203705249014
