Model,R2 Score,RMSE
BA-RandomForest,0.9141441501603471,10.056748535740123
