{
    "Model": {
        "0": "BA-RandomForest"
    },
    "R2 Score": {
        "0": 0.9141441501603471
    },
    "RMSE": {
        "0": 10.056748535740123
    }
}