{
    "Model": {
        "0": "CIS-AIS+CSA"
    },
    "R2 Score": {
        "0": 0.9088802301452557
    },
    "RMSE": {
        "0": 10.360457947836517
    }
}