Model,R2 Score,RMSE
CIS-AIS+CSA,0.9088802301452557,10.360457947836517
