{
    "Model": {
        "0": "CSA-RandomForest"
    },
    "R2 Score": {
        "0": 0.9142935955480098
    },
    "RMSE": {
        "0": 10.04799206032949
    }
}