Model,R2 Score,RMSE
CSA-RandomForest,0.9142935955480098,10.04799206032949
