Model,R2 Score,RMSE
DA-RandomForest,0.9154370892284475,9.980736891076175
