Model,R2 Score,RMSE
GWOA-RandomForest,0.9194331673269194,9.74205978676424
