Model,R2 Score,RMSE
HSA-RandomForest,0.9084990190530089,10.382107471778335
