Model,R2 Score,RMSE
RandomForest,0.910778921901528,10.251947619842777
LinearRegression,0.8848599948428142,11.646240855965706
DecisionTree,0.9509337860780984,7.602631123499285
