Model,R2 Score,RMSE
PSO-RandomForest,0.9005207621203547,10.825273309354467
