{
    "Model": {
        "0": "RandomForest",
        "1": "LinearRegression",
        "2": "DecisionTree"
    },
    "R2 Score": {
        "0": 0.910778921901528,
        "1": 0.8848599948428142,
        "2": 0.9509337860780984
    },
    "RMSE": {
        "0": 10.251947619842777,
        "1": 11.646240855965706,
        "2": 7.602631123499285
    }
}