{
    "districts": [
        "Gurdaspur",
        "Pathankot",
        "Amritsar",
        "Tarn Taran",
        "Kapurthala",
        "Jalandhar",
        "SBS Nagar",
        "Hoshiarpur",
        "Rupnagar",
        "SAS Nagar",
        "Ludhiana",
        "Ferozpur",
        "Fazilka",
        "Faridkot",
        "Sri Muktsar Sahib",
        "Moga",
        "Bathinda",
        "Mansa",
        "Sangrur",
        "Barnala",
        "Patiala",
        "Fatehgarh Sahib",
        "At fams/other",
        "Punjab"
    ],
    "predictions": [
        83.28,
        78.01,
        86.97333333333333,
        87.05666666666667,
        45.50333333333333,
        90.89333333333333,
        90.57666666666667,
        59.04666666666667,
        62.79,
        63.52,
        87.3,
        40.68,
        40.24333333333333,
        91.08,
        92.29,
        92.55,
        114.97666666666667,
        115.44666666666667,
        99.52666666666667,
        101.47666666666667,
        123.05333333333333,
        129.35,
        129.43,
        677.6566666666666
    ],
    "metrics": {
        "r2": 0.9128235163176759,
        "rmse": 10.13379976996673
    }
}