Model,R2 Score,RMSE
WOA-RandomForest,0.7616614148273911,16.75597962917517
